{
	"objects": [{
			"type": "cylinder",
			"material": "specular",
			"roughness": 0.000000,
			"ior": 1.000000,
			"color": [0.500000, 0.300000, 0.800000],
			"origin": [-2.000000, 2.000000, 10.000000],
			"normal": [1.000000, 0.000000, 0.000000],
			"radius": 0.800000,
			"height": 3.000000,
			"texture": [0, 0, 0, 0]
		},
		{
			"type": "plane",
			"material": "diffuse",
			"roughness": 0.000000,
			"ior": 1.000000,
			"color": [0.500000, 0.300000, 0.800000],
			"origin": [2.000000, 2.000000, 10.000000],
			"normal": [1.000000, 0.000000, 0.000000],
			"texture": [0, 0, 0, 0]
		},
		{
			"type": "sphere",
			"material": "emission",
			"roughness": 0.000000,
			"ior": 1.000000,
			"color": [0.900000, 0.900000, 0.900000],
			"origin": [-1.000000, 2.000000, 10.000000],
			"radius": 0.700000,
			"texture": [0, 0, 0, 0]
		}
	],
	"camera": [{
		"origin": [-1.210088, 3.760765, -6.635853],
		"dir": [0.052169, -0.079745, 0.995449]
	}]
}