{
	"objects": [{
			"type": "plane",
			"material": "emission",
			"roughness": 0.000000,
			"ior": 1.000000,
			"color": [1, 1, 1],
			"origin": [0.000000, -3.000000, 0.000000],
			"normal": [0.000000, 1.000000, 0.000000],
			"texture": [0, 0, 0, 0]
		},
		{
			"type": "mobius",
			"material": "diffuse",
			"roughness": 0.000000,
			"ior": 1.000000,
			"color": [0.000000, 1.000000, 1.000000],
			"origin": [0, 4, 6.000000],
			"size": 0.4,
			"texture": [0, 0, 0, 0]
		},
		{
			"type": "disk",
			"material": "emission",
			"roughness": 0.000000,
			"ior": 1.000000,
			"color": [0.900000, 0.900000, 0.100000],
			"origin": [0.000000, 1.000000, 0.000000],
			"normal": [0.000000, 0.000000, 0.000000],
			"radius2": 0.000000,
			"texture": [0, 0, 0, 0]
		}
	],
	"camera": [{
		"origin": [0.000000, 0.000000, -15.000000],
		"dir": [0.000000, 0.000000, 1.000000],
		"ambient": [0.000000, 0.000000, 0.000000]
	}]
}