{
	"objects": [{
			"type": "sphere",
			"material": [0.000000, 1.000000, 0.000000, 0.000000],
			"color": [0.900000, 0.900000, 0.900000],
			"origin": [2.000000, 0.000000, 4.000000],
			"radius": 1.000000,
			"texture": [0, 0, 0, 0]
		},
		{
			"type": "sphere",
			"material": [1.000000, 0.000000, 0.000000, 0.000000],
			"color": [0.900000, 0.900000, 0.900000],
			"origin": [-2.000000, 0.000000, 4.000000],
			"radius": 1.000000,
			"texture": [1, 2, 3, 0]
		},
		{
			"type": "sphere",
			"material": [1.000000, 0.000000, 0.000000, 0.000000],
			"color": [0.900000, 0.100000, 0.100000],
			"origin": [0.000000, -1.000000, 3.000000],
			"radius": 1.000000,
			"texture": [255, 0, 0, 0]
		},
		{
			"type": "disk",
			"material": [0.000000, 0.000000, 0.000000, 1.000000],
			"color": [0.900000, 0.900000, 0.900000],
			"origin": [0.000000, 6.000000, 0.000000],
			"normal": [0.000000, 1.000000, 0.000000],
			"radius2": 60.000000,
			"texture": [0, 0, 0, 0]
		}
	],
	"camera": [{
		"origin": [0.000000, 0.000000, -15.000000],
		"dir": [0.000000, 0.000000, 1.000000]
	}]
}