{
	"objects": [{
			"type": "plane",
			"material": "emission",
			"roughness": 0.000000,
			"ior": 1.000000,
			"color": [0.700000, 0.700000, 0.700000],
			"origin": [0.000000, -3.000000, 0.000000],
			"normal": [0.000000, 1.000000, 0.000000],
			"texture": [0, 0, 0, 0]
		},
		{
			"type": "bool_substraction",
			"material": "diffuse",
			"roughness": 0.0,
			"ior": 1.000000,
			"color": [1, 1, 1],
			"origin": [-2, 0, 0],
			"texture": [0, 0, 0, 0]
		}
	],
	"camera": [{
		"origin": [0.000000, 0.000000, -15.000000],
		"dir": [0.000000, 0.000000, 1.000000]
	}]
}